,UserName
0,fabpot
1,andrew
2,taylorotwell
3,egoist
4,HugoGiraudel
5,ornicar
6,bebraw
7,nelsonic
8,alexcrichton
9,jonathanong
10,mikermcneil
11,benbalter
12,jxnblk
13,yegor256
14,orta
15,rstacruz
16,GrahamCampbell
17,afc163
18,kamranahmedse
19,joshaber
20,bkeepers
21,kennethreitz
22,kytrinyx
23,STRML
24,atmos
25,weierophinney
26,agentzh
27,steipete
28,ai
29,mikepenz
30,nvie
31,hadley
32,appleboy
33,Rich-Harris
34,drnic
35,rafaelfranca
36,Ocramius
37,mitchellh
38,stof
39,IgorMinar
40,phodal
41,jwiegley
42,geerlingguy
43,dcramer
44,sebastianbergmann
45,brunocvcunha
46,ljharb
47,jdalton
48,sevilayha
49,paulmillr
50,tmm1
51,c9s
52,zcbenz
53,holman
54,kevinsawicki
55,yihui
56,buckyroberts
57,kbrsh
58,dmalan
59,mhevery
60,mgechev
61,kylef
62,chjj
63,ayende
64,mcollina
65,mdo
66,yoshuawuyts
67,muan
68,kentcdodds
69,jskeet
70,mitsuhiko
71,steveklabnik
72,hzoo
73,Caged
74,dlew
75,technoweenie
76,gaearon
77,soumith
78,feross
79,michalbe
80,brianleroux
81,willdurand
82,alexjlockwood
83,matsko
84,stefanpenner
85,adamwathan
86,Haacked
87,curran
88,rauchg
89,ianstormtaylor
90,KrauseFx
91,tj
92,jgm
93,jverkoey
94,chenglou
95,DataTables
96,SamyPesse
97,mjhea0
98,0x00A
99,tmcw
100,brentvatne
101,carpedm20
102,benjamn
103,notwaldorf
104,miyagawa
105,rnystrom
106,photonstorm
107,mattn
108,dougwilson
109,JakeWharton
110,yyx990803
111,krzysztofzablocki
112,eduardolundgren
113,vjeux
114,mxcl
115,domenic
116,alex
117,mrdoob
118,josegonzalez
119,fzaninotto
120,pissang
121,jamesmontemagno
122,paulcbetts
123,paulirish
124,samdark
125,madskristensen
126,sokra
127,marijnh
128,alanhamlett
129,wesm
130,josevalim
131,jennybc
132,BurntSushi
133,zenorocha
134,contra
135,jaredhanson
136,radar
137,bevacqua
138,xudafeng
139,j2kun
140,dominictarr
141,avelino
142,vinta
143,developit
144,ashleygwilliams
145,ashfurrow
146,f
147,onevcat
148,toddmotto
149,gdi2290
150,EisenbergEffect
151,ankane
152,keijiro
153,nolimits4web
154,davidfowl
155,biezhi
156,LeaVerou
157,davidtmiller
158,odersky
159,vhf
160,soffes
161,mxstbr
162,Jinjiang
163,happypeter
164,yeasy
165,mafintosh
166,vczh
167,Draveness
168,ded
169,vladikoff
170,bnoordhuis
171,jendewalt
172,jessfraz
173,indutny
174,olivergierke
175,i5ting
176,laanwj
177,drakeet
178,thejameskyle
179,ahmetb
180,sdiehl
181,jaywcjlove
182,gitster
183,djspiewak
184,evilsocket
185,mariotaku
186,shama
187,CamDavidsonPilon
188,dsyer
189,winterbe
190,dennybritz
191,arun-gupta
192,maryrosecook
193,killme2008
194,IanLunn
195,ruanyf
196,binux
197,nfultz
198,leah
199,suissa
200,anishathalye
201,pkrumins
202,isaacs
203,staltz
204,KittenYang
205,leebyron
206,fengmk2
207,passy
208,gorhill
209,phuslu
210,mrmrs
211,siddontang
212,daylerees
213,weavejester
214,zce
215,philsturgeon
216,oldratlee
217,josephmisiti
218,atian25
219,ebidel
220,overtrue
221,connors
222,eliben
223,Seldaek
224,joyeecheung
225,bailicangdu
226,nikic
227,codahale
228,amitshekhariitbhu
229,rakyll
230,junyanz
231,simurai
232,nicolasgramlich
233,shiffman
234,purcell
235,evanphx
236,ericelliott
237,matyhtf
238,StephenGrider
239,AdamBien
240,rtomayko
241,tomchristie
242,be5invis
243,amueller
244,dead-horse
245,remy
246,Unknwon
247,jiyinyiyong
248,Shougo
249,arunoda
250,benoitc
251,ask
252,JohnSundell
253,Raynos
254,samuelclay
255,unicodeveloper
